<?xml version="1.0" encoding="UTF-8"?>
<export version="D">
  <design>
    <source>C:\Users\b.giraud-missier.WKS-TH-BE-03\Documents\Git\Stop_BBM_3PIC Project\STOP_BBM_3PIC\PCB_Stop_BBM_3PIC\Stop_BBM_3PIC.sch</source>
    <date>13/01/2022 16:18:56</date>
    <tool>Eeschema (5.1.10)-1</tool>
    <sheet number="1" name="/" tstamps="/">
      <title_block>
        <title>Stop_BSB_3PIC</title>
        <company>ADTP</company>
        <rev>V1.1</rev>
        <date>2021-12-03</date>
        <source>Stop_BBM_3PIC.sch</source>
        <comment number="1" value="Voir Readme.txt"/>
        <comment number="2" value="https://github.com/benoitGIRAUD/STOP_BBM_3PIC"/>
        <comment number="3" value=""/>
        <comment number="4" value=""/>
      </title_block>
    </sheet>
    <sheet number="2" name="/Variante_Stop_BBM_3PIC/" tstamps="/61A931B2/">
      <title_block>
        <title>Stop_BSB_3PIC</title>
        <company>ADTP</company>
        <rev>V1.0</rev>
        <date>2021-12-03</date>
        <source>Variante_Stop_BBM_3PIC.sch</source>
        <comment number="1" value="Voir Readme.txt"/>
        <comment number="2" value="https://github.com/benoitGIRAUD/STOP_BBM_3PIC"/>
        <comment number="3" value=""/>
        <comment number="4" value=""/>
      </title_block>
    </sheet>
  </design>
  <components>
    <comp ref="REGU1">
      <value>MCP1623</value>
      <footprint>Package_TO_SOT_SMD:SOT-23-6</footprint>
      <datasheet>http://ww1.microchip.com/downloads/en/DeviceDoc/20002234D.pdf</datasheet>
      <fields>
        <field name="Code_X3">A0018585</field>
        <field name="Manufacturer">Microchip</field>
        <field name="Manufacturer PN">MCP1623T-I/CHY</field>
        <field name="RS">823-7871</field>
        <field name="digikey">MCP1623T-I/CHYTR-ND</field>
      </fields>
      <libsource lib="STP_BBM_E0C1R0-rescue" part="MCP1623-devBE_Library" description=""/>
      <sheetpath names="/" tstamps="/"/>
      <tstamp>605E55B6</tstamp>
    </comp>
    <comp ref="R4">
      <value>976K</value>
      <footprint>Resistor_SMD:R_0603_1608Metric_Pad0.98x0.95mm_HandSolder</footprint>
      <datasheet>~</datasheet>
      <fields>
        <field name="Code_X3">A0018582</field>
      </fields>
      <libsource lib="dagostino_stop_BirdBuzzMouse-rescue" part="R-device" description=""/>
      <sheetpath names="/" tstamps="/"/>
      <tstamp>605E95FB</tstamp>
    </comp>
    <comp ref="C2">
      <value>10uF</value>
      <footprint>Capacitor_SMD:C_0603_1608Metric_Pad1.08x0.95mm_HandSolder</footprint>
      <datasheet>https://datasheets.avx.com/cx5r.pdf</datasheet>
      <fields>
        <field name="Code_X3">A0003910</field>
        <field name="DNP">NE PAS MONTER</field>
        <field name="Manufacturer">AVX</field>
        <field name="Manufacturer PN">06036D106MAT2A</field>
      </fields>
      <libsource lib="dagostino_stop_BirdBuzzMouse-rescue" part="C-device" description=""/>
      <sheetpath names="/" tstamps="/"/>
      <tstamp>605EAB96</tstamp>
    </comp>
    <comp ref="R5">
      <value>309K(Mouse) | 562K(bird)</value>
      <footprint>Resistor_SMD:R_0603_1608Metric_Pad0.98x0.95mm_HandSolder</footprint>
      <datasheet>~</datasheet>
      <fields>
        <field name="Code_X3">A0020413 (Mouse) | A0018583 (bird)</field>
      </fields>
      <libsource lib="dagostino_stop_BirdBuzzMouse-rescue" part="R-device" description=""/>
      <sheetpath names="/" tstamps="/"/>
      <tstamp>605EF456</tstamp>
    </comp>
    <comp ref="R2">
      <value>4,7K</value>
      <footprint>Resistor_SMD:R_0603_1608Metric_Pad0.98x0.95mm_HandSolder</footprint>
      <datasheet>~</datasheet>
      <fields>
        <field name="Code_X3">A0004116</field>
      </fields>
      <libsource lib="dagostino_stop_BirdBuzzMouse-rescue" part="R-device" description=""/>
      <sheetpath names="/" tstamps="/"/>
      <tstamp>605EF9D7</tstamp>
    </comp>
    <comp ref="R1">
      <value>470K</value>
      <footprint>Resistor_SMD:R_0603_1608Metric_Pad0.98x0.95mm_HandSolder</footprint>
      <datasheet>~</datasheet>
      <fields>
        <field name="Code_X3">A0006859</field>
      </fields>
      <libsource lib="dagostino_stop_BirdBuzzMouse-rescue" part="R-device" description=""/>
      <sheetpath names="/" tstamps="/"/>
      <tstamp>605EFC38</tstamp>
    </comp>
    <comp ref="L1">
      <value>4,7uH</value>
      <footprint>Capacitor_SMD:C_1210_3225Metric</footprint>
      <datasheet>https://media.digikey.com/pdf/Data%20Sheets/Panasonic%20Inductors%20Coils%20Filters%20PDFs/ELJ-FA,FB,FC_Rev2010.pdf</datasheet>
      <fields>
        <field name="Code_X3">A0018584</field>
        <field name="Manufacturer">PANASONIC</field>
        <field name="Manufacturer PN">ELJFA4R7JF</field>
        <field name="digikey">https://www.digikey.com/en/products/detail/panasonic-electronic-components/ELJ-FA4R7JF/585425</field>
      </fields>
      <libsource lib="dagostino_stop_BirdBuzzMouse-rescue" part="L-device" description=""/>
      <sheetpath names="/" tstamps="/"/>
      <tstamp>605F028D</tstamp>
    </comp>
    <comp ref="R6">
      <value>150</value>
      <footprint>Resistor_SMD:R_0603_1608Metric_Pad0.98x0.95mm_HandSolder</footprint>
      <datasheet>~</datasheet>
      <fields>
        <field name="Code_X3">A0006563</field>
      </fields>
      <libsource lib="dagostino_stop_BirdBuzzMouse-rescue" part="R-device" description=""/>
      <sheetpath names="/" tstamps="/"/>
      <tstamp>605F25C4</tstamp>
    </comp>
    <comp ref="C4">
      <value>47uF</value>
      <footprint>Capacitor_SMD:C_1206_3216Metric_Pad1.33x1.80mm_HandSolder</footprint>
      <datasheet>~</datasheet>
      <fields>
        <field name="Code_X3">A0004050</field>
      </fields>
      <libsource lib="dagostino_stop_BirdBuzzMouse-rescue" part="C-device" description=""/>
      <sheetpath names="/" tstamps="/"/>
      <tstamp>605F2FEA</tstamp>
    </comp>
    <comp ref="C3">
      <value>100nF</value>
      <footprint>Capacitor_SMD:C_0805_2012Metric_Pad1.18x1.45mm_HandSolder</footprint>
      <datasheet>https://product.tdk.com/en/system/files?file=dam/doc/product/capacitor/ceramic/mlcc/catalog/mlcc_commercial_general_en.pdf</datasheet>
      <fields>
        <field name="Code_X3">A0004022</field>
        <field name="Manufacturer">TDK</field>
        <field name="Manufacturer PN">C1608X5R1H104K080AA</field>
      </fields>
      <libsource lib="dagostino_stop_BirdBuzzMouse-rescue" part="C-device" description=""/>
      <sheetpath names="/" tstamps="/"/>
      <tstamp>605F37EF</tstamp>
    </comp>
    <comp ref="SW1">
      <value>SW_Push</value>
      <footprint>DEV_BE:SW_Push_1P1T_NO_6x6mm_H0.71mm</footprint>
      <datasheet>http://spec_sheets.e-switch.com/specs/J100612.pdf</datasheet>
      <fields>
        <field name="Code_X3">~</field>
        <field name="DESIGNATION">bouton SMA 6x6mm button_0.71mm</field>
        <field name="Manufacturer">E-switch</field>
        <field name="Manufacturer PN">FSM2JSMA</field>
        <field name="digikey">450-1757-1-ND</field>
        <field name="mouser">506-FSM2JSMA</field>
      </fields>
      <libsource lib="dagostino_stop_BirdBuzzMouse-rescue" part="SW_Push-switch" description=""/>
      <sheetpath names="/" tstamps="/"/>
      <tstamp>605FA2AA</tstamp>
    </comp>
    <comp ref="BT2">
      <value>AA - 1,5V</value>
      <footprint>Battery:BatteryHolder_Keystone_2460_1xAA</footprint>
      <datasheet>https://www.mouser.fr/datasheet/2/215/460-741228.pdf</datasheet>
      <fields>
        <field name="Code_X3">A0017951</field>
        <field name="Manufacturer">Keystone Electronics</field>
        <field name="Manufacturer PN">2460 </field>
        <field name="digikey">36-2460-ND</field>
        <field name="mouser">534-2460 </field>
      </fields>
      <libsource lib="dagostino_stop_BirdBuzzMouse-rescue" part="Battery_Cell-device" description=""/>
      <sheetpath names="/" tstamps="/"/>
      <tstamp>605FCB7B</tstamp>
    </comp>
    <comp ref="C1">
      <value>10uF</value>
      <footprint>Capacitor_SMD:C_0603_1608Metric_Pad1.08x0.95mm_HandSolder</footprint>
      <datasheet>https://datasheets.avx.com/cx5r.pdf</datasheet>
      <fields>
        <field name="Code_X3">A0003910</field>
        <field name="DESIGNATION">COND CMS 10µF 6,3V X5R 0603</field>
        <field name="Manufacturer">AVX</field>
        <field name="Manufacturer PN">06036D106MAT2A</field>
      </fields>
      <libsource lib="dagostino_stop_BirdBuzzMouse-rescue" part="C-device" description=""/>
      <sheetpath names="/" tstamps="/"/>
      <tstamp>60601A95</tstamp>
    </comp>
    <comp ref="R3">
      <value>470K</value>
      <footprint>Resistor_SMD:R_0603_1608Metric_Pad0.98x0.95mm_HandSolder</footprint>
      <datasheet>~</datasheet>
      <fields>
        <field name="Code_X3">A0006859</field>
        <field name="Manufacturer">~</field>
        <field name="Manufacturer PN">~</field>
      </fields>
      <libsource lib="dagostino_stop_BirdBuzzMouse-rescue" part="R-device" description=""/>
      <sheetpath names="/" tstamps="/"/>
      <tstamp>60607DAF</tstamp>
    </comp>
    <comp ref="BZ1">
      <value>Buzzer (BIRD)</value>
      <footprint>Buzzer_Beeper:Buzzer_TDK_PS1240P02BT_D12.2mm_H6.5mm</footprint>
      <datasheet>https://product.tdk.com/en/system/files?file=dam/doc/product/sw_piezo/sw_piezo/piezo-buzzer/catalog/piezoelectronic_buzzer_ps_en.pdf</datasheet>
      <fields>
        <field name="Code_X3">A0003904</field>
        <field name="Manufacturer">TDK</field>
        <field name="Manufacturer PN">PS1240P02BT</field>
      </fields>
      <libsource lib="dagostino_stop_BirdBuzzMouse-rescue" part="Buzzer-device" description=""/>
      <sheetpath names="/" tstamps="/"/>
      <tstamp>6065AE4E</tstamp>
    </comp>
    <comp ref="R8">
      <value>R</value>
      <footprint>Jumper:SolderJumper-2_P1.3mm_Open_TrianglePad1.0x1.5mm</footprint>
      <datasheet>~</datasheet>
      <fields>
        <field name="Code_X3">~</field>
      </fields>
      <libsource lib="dagostino_stop_BirdBuzzMouse-rescue" part="R-device" description=""/>
      <sheetpath names="/" tstamps="/"/>
      <tstamp>6068AF5D</tstamp>
    </comp>
    <comp ref="R7">
      <value>R</value>
      <footprint>Jumper:SolderJumper-2_P1.3mm_Open_TrianglePad1.0x1.5mm</footprint>
      <datasheet>~</datasheet>
      <fields>
        <field name="Code_X3">~</field>
      </fields>
      <libsource lib="dagostino_stop_BirdBuzzMouse-rescue" part="R-device" description=""/>
      <sheetpath names="/" tstamps="/"/>
      <tstamp>6068B8D4</tstamp>
    </comp>
    <comp ref="R10">
      <value>R</value>
      <footprint>Jumper:SolderJumper-2_P1.3mm_Open_TrianglePad1.0x1.5mm</footprint>
      <datasheet>~</datasheet>
      <fields>
        <field name="Code_X3">~</field>
      </fields>
      <libsource lib="dagostino_stop_BirdBuzzMouse-rescue" part="R-device" description=""/>
      <sheetpath names="/" tstamps="/"/>
      <tstamp>6065A0E8</tstamp>
    </comp>
    <comp ref="Q1">
      <value>Q_Photo_NPN (BIRD)</value>
      <footprint>LED_SMD:LED_0805_2012Metric_Pad1.15x1.40mm_HandSolder</footprint>
      <datasheet>https://docs.rs-online.com/69f5/0900766b815ee626.pdf</datasheet>
      <fields>
        <field name="Code_X3">~</field>
        <field name="DNP">NE PAS MONTER</field>
        <field name="Manufacturer">OSRAM</field>
        <field name="Manufacturer PN">SFH 3710-Z</field>
        <field name="RS">915-4890</field>
      </fields>
      <libsource lib="dagostino_stop_BirdBuzzMouse-rescue" part="Q_Photo_NPN-device" description=""/>
      <sheetpath names="/" tstamps="/"/>
      <tstamp>60678D67</tstamp>
    </comp>
    <comp ref="JP1">
      <value>strap</value>
      <footprint>Jumper:SolderJumper-2_P1.3mm_Open_TrianglePad1.0x1.5mm</footprint>
      <datasheet>~</datasheet>
      <libsource lib="dagostino_stop_BirdBuzzMouse-rescue" part="Jumper_NO_Small-device" description=""/>
      <sheetpath names="/" tstamps="/"/>
      <tstamp>60CB7685</tstamp>
    </comp>
    <comp ref="MCU1">
      <value>PIC16F15323-SOIC-14</value>
      <footprint>Package_SO:SOIC-14_3.9x8.7mm_P1.27mm</footprint>
      <datasheet>https://ww1.microchip.com/downloads/en/DeviceDoc/PIC16_L_F15313_23_Data_Sheet_40001897C.pdf</datasheet>
      <fields>
        <field name="Code_X3">~</field>
        <field name="Manufacturer">Microchip</field>
        <field name="Manufacturer PN">PIC16F15323-I/SL</field>
        <field name="RS">2920864</field>
      </fields>
      <libsource lib="dagostino_stop_BirdBuzzMouse-rescue" part="PIC16F15323-I_ST_TSSOP14-devBE_Library" description=""/>
      <sheetpath names="/" tstamps="/"/>
      <tstamp>605D7010</tstamp>
    </comp>
    <comp ref="BT1">
      <value>AA - 1,5V</value>
      <footprint>Battery:BatteryHolder_Keystone_2460_1xAA</footprint>
      <datasheet>https://www.mouser.fr/datasheet/2/215/460-741228.pdf</datasheet>
      <fields>
        <field name="Code_X3">A0017951</field>
        <field name="Manufacturer">Keystone Electronics</field>
        <field name="Manufacturer PN">2460 </field>
        <field name="digikey">36-2460-ND</field>
        <field name="mouser">534-2460 </field>
      </fields>
      <libsource lib="dagostino_stop_BirdBuzzMouse-rescue" part="Battery_Cell-device" description=""/>
      <sheetpath names="/" tstamps="/"/>
      <tstamp>60DA10EC</tstamp>
    </comp>
    <comp ref="TP_alim1">
      <value>reg_out</value>
      <footprint>TestPoint:TestPoint_Pad_D2.0mm</footprint>
      <datasheet>~</datasheet>
      <libsource lib="dagostino_stop_BirdBuzzMouse-rescue" part="TestPoint-connecteur" description=""/>
      <sheetpath names="/" tstamps="/"/>
      <tstamp>60DA542A</tstamp>
    </comp>
    <comp ref="TP_light1">
      <value>Ph_detct</value>
      <footprint>TestPoint:TestPoint_Pad_D2.0mm</footprint>
      <datasheet>~</datasheet>
      <libsource lib="dagostino_stop_BirdBuzzMouse-rescue" part="TestPoint-connecteur" description=""/>
      <sheetpath names="/" tstamps="/"/>
      <tstamp>60DAFF2D</tstamp>
    </comp>
    <comp ref="J1">
      <value>Haut parleur (MOUSE)</value>
      <footprint>Stop_BBM_3PIC:SolderWirePad_1x01_SMD_5x10mm_BBM</footprint>
      <datasheet>https://www.farnell.com/datasheets/2861450.pdf</datasheet>
      <fields>
        <field name="Code_X3">A0020419</field>
        <field name="DESIGNATION">Haut-parleur, Mini, Cone Mylar, 0.25 W, 32 ohms, 500 Hz à 5500 Hz</field>
        <field name="Manufacturer">PRO SIGNAL</field>
        <field name="Manufacturer PN">ABS-209-RC</field>
      </fields>
      <libsource lib="dagostino_stop_BirdBuzzMouse-rescue" part="Conn_01x02_Male-connecteur" description=""/>
      <sheetpath names="/" tstamps="/"/>
      <tstamp>6064EA3D</tstamp>
    </comp>
    <comp ref="H1">
      <value>Hole4Cable</value>
      <footprint>MountingHole:MountingHole_3.7mm</footprint>
      <datasheet>~</datasheet>
      <libsource lib="Mechanical" part="MountingHole" description="Mounting Hole without connection"/>
      <sheetpath names="/" tstamps="/"/>
      <tstamp>60EE8D3D</tstamp>
    </comp>
    <comp ref="R9">
      <value>7,5K</value>
      <footprint>Resistor_SMD:R_0603_1608Metric_Pad0.98x0.95mm_HandSolder</footprint>
      <datasheet>https://www.farnell.com/datasheets/3156916.pdf</datasheet>
      <fields>
        <field name="DNP">NE PAS MONTER</field>
        <field name="Manufacturer">PANASONIC</field>
        <field name="Manufacturer PN">ERJ-UP3D7501V</field>
      </fields>
      <libsource lib="dagostino_stop_BirdBuzzMouse-rescue" part="R-device" description=""/>
      <sheetpath names="/" tstamps="/"/>
      <tstamp>610DB2DF</tstamp>
    </comp>
    <comp ref="TP_bat1">
      <value>Vbat</value>
      <footprint>TestPoint:TestPoint_Pad_D2.0mm</footprint>
      <datasheet>~</datasheet>
      <libsource lib="dagostino_stop_BirdBuzzMouse-rescue" part="TestPoint-connecteur" description=""/>
      <sheetpath names="/" tstamps="/"/>
      <tstamp>60DA7743</tstamp>
    </comp>
    <comp ref="J3">
      <value>Conn_01x05</value>
      <footprint>Connector_PinHeader_2.54mm:PinHeader_1x05_P2.54mm_Vertical</footprint>
      <datasheet>~</datasheet>
      <libsource lib="dagostino_stop_BirdBuzzMouse-rescue" part="Conn_01x05-kicad" description=""/>
      <sheetpath names="/" tstamps="/"/>
      <tstamp>61AC90A9</tstamp>
    </comp>
    <comp ref="LED1">
      <value>LED</value>
      <footprint>LED_SMD:LED_0805_2012Metric</footprint>
      <datasheet>https://media.digikey.com/pdf/Data%20Sheets/Dialight%20PDFs/598_Series_0805_Pkg.pdf</datasheet>
      <fields>
        <field name="Code_X3">~</field>
        <field name="DNP">DNP</field>
        <field name="Manufacturer">DIALIGHT</field>
        <field name="Manufacturer PN">598-8110-107f</field>
      </fields>
      <libsource lib="dagostino_stop_BirdBuzzMouse-rescue" part="LED-device" description=""/>
      <sheetpath names="/" tstamps="/"/>
      <tstamp>605F0D0A</tstamp>
    </comp>
    <comp ref="D1">
      <value>D_Schottky</value>
      <footprint>Diode_SMD:D_SOD-323</footprint>
      <datasheet>~</datasheet>
      <libsource lib="Device" part="D_Schottky" description="Schottky diode"/>
      <sheetpath names="/" tstamps="/"/>
      <tstamp>61B90B39</tstamp>
    </comp>
    <comp ref="C10">
      <value>100n</value>
      <footprint>Capacitor_SMD:C_0603_1608Metric_Pad1.08x0.95mm_HandSolder</footprint>
      <datasheet>https://datasheets.avx.com/cx5r.pdf</datasheet>
      <fields>
        <field name="Code_X3">A0003910</field>
        <field name="DESIGNATION">COND CMS 10µF 6,3V X5R 0603</field>
        <field name="Manufacturer">AVX</field>
        <field name="Manufacturer PN">06036D106MAT2A</field>
      </fields>
      <libsource lib="dagostino_stop_BirdBuzzMouse-rescue" part="C-device" description=""/>
      <sheetpath names="/" tstamps="/"/>
      <tstamp>61BFE7C6</tstamp>
    </comp>
    <comp ref="R14">
      <value>R</value>
      <footprint>Jumper:SolderJumper-2_P1.3mm_Open_TrianglePad1.0x1.5mm</footprint>
      <datasheet>~</datasheet>
      <fields>
        <field name="Code_X3">~</field>
      </fields>
      <libsource lib="dagostino_stop_BirdBuzzMouse-rescue" part="R-device" description=""/>
      <sheetpath names="/" tstamps="/"/>
      <tstamp>61C0180F</tstamp>
    </comp>
    <comp ref="C5">
      <value>100nF</value>
      <footprint>Capacitor_SMD:C_0805_2012Metric_Pad1.18x1.45mm_HandSolder</footprint>
      <datasheet>https://product.tdk.com/en/system/files?file=dam/doc/product/capacitor/ceramic/mlcc/catalog/mlcc_commercial_general_en.pdf</datasheet>
      <fields>
        <field name="Code_X3">A0004022</field>
        <field name="Manufacturer">TDK</field>
        <field name="Manufacturer PN">C1608X5R1H104K080AA</field>
      </fields>
      <libsource lib="dagostino_stop_BirdBuzzMouse-rescue" part="C-device" description=""/>
      <sheetpath names="/Variante_Stop_BBM_3PIC/" tstamps="/61A931B2/"/>
      <tstamp>61AC2642</tstamp>
    </comp>
    <comp ref="C6">
      <value>100nF</value>
      <footprint>Capacitor_SMD:C_0805_2012Metric_Pad1.18x1.45mm_HandSolder</footprint>
      <datasheet>https://product.tdk.com/en/system/files?file=dam/doc/product/capacitor/ceramic/mlcc/catalog/mlcc_commercial_general_en.pdf</datasheet>
      <fields>
        <field name="Code_X3">A0004022</field>
        <field name="Manufacturer">TDK</field>
        <field name="Manufacturer PN">C1608X5R1H104K080AA</field>
      </fields>
      <libsource lib="dagostino_stop_BirdBuzzMouse-rescue" part="C-device" description=""/>
      <sheetpath names="/Variante_Stop_BBM_3PIC/" tstamps="/61A931B2/"/>
      <tstamp>61AC2CE3</tstamp>
    </comp>
    <comp ref="MCU2">
      <value>PIC10F200T-I_OT</value>
      <footprint>Stop_BBM_3PIC:PIC10F200T-I&amp;slash_OT</footprint>
      <datasheet>https://ww1.microchip.com/downloads/en/DeviceDoc/40001239F.pdf</datasheet>
      <fields>
        <field name="Manufacturer">Microchip Technology</field>
        <field name="Manufacturer_PN">PIC10F200T-I/OT</field>
      </fields>
      <libsource lib="Stop_BBM_3PIC" part="PIC10F200T-I_OT" description=""/>
      <sheetpath names="/Variante_Stop_BBM_3PIC/" tstamps="/61A931B2/"/>
      <tstamp>61A97AC7</tstamp>
    </comp>
    <comp ref="MCU3">
      <value>PIC12F1571-I_SN</value>
      <footprint>Stop_BBM_3PIC:PIC12F1571-I&amp;slash_SN</footprint>
      <datasheet>http://ww1.microchip.com/downloads/en/DeviceDoc/40001723D.pdf</datasheet>
      <fields>
        <field name="Manufacturer">Microchip Technology</field>
        <field name="Manufacturer_PN">PIC12F1571-I/SN</field>
      </fields>
      <libsource lib="Stop_BBM_3PIC" part="PIC12F1571-I_SN" description=""/>
      <sheetpath names="/Variante_Stop_BBM_3PIC/" tstamps="/61A931B2/"/>
      <tstamp>61A98F4A</tstamp>
    </comp>
    <comp ref="REGU2">
      <value>PAM2401SCADJ</value>
      <footprint>Stop_BBM_3PIC:PAM2401SCADJ</footprint>
      <datasheet>https://www.diodes.com/assets/Datasheets/PAM2401.pdf</datasheet>
      <fields>
        <field name="Manufacturer">Diodes Incorporated</field>
        <field name="Manufacturer_PN">PAM2401SCADJ</field>
      </fields>
      <libsource lib="Stop_BBM_3PIC" part="PAM2401SCADJ" description=""/>
      <sheetpath names="/Variante_Stop_BBM_3PIC/" tstamps="/61A931B2/"/>
      <tstamp>61BEC5E9</tstamp>
    </comp>
    <comp ref="R11">
      <value>66k</value>
      <footprint>Resistor_SMD:R_0603_1608Metric_Pad0.98x0.95mm_HandSolder</footprint>
      <datasheet>~</datasheet>
      <fields>
        <field name="Code_X3">A0020413 (Mouse) | A0018583 (bird)</field>
      </fields>
      <libsource lib="dagostino_stop_BirdBuzzMouse-rescue" part="R-device" description=""/>
      <sheetpath names="/Variante_Stop_BBM_3PIC/" tstamps="/61A931B2/"/>
      <tstamp>61BED027</tstamp>
    </comp>
    <comp ref="C8">
      <value>10uF</value>
      <footprint>Capacitor_SMD:C_0805_2012Metric_Pad1.18x1.45mm_HandSolder</footprint>
      <datasheet>https://product.tdk.com/en/system/files?file=dam/doc/product/capacitor/ceramic/mlcc/catalog/mlcc_commercial_general_en.pdf</datasheet>
      <fields>
        <field name="Code_X3">A0004022</field>
        <field name="Manufacturer">TDK</field>
        <field name="Manufacturer PN">C1608X5R1H104K080AA</field>
      </fields>
      <libsource lib="dagostino_stop_BirdBuzzMouse-rescue" part="C-device" description=""/>
      <sheetpath names="/Variante_Stop_BBM_3PIC/" tstamps="/61A931B2/"/>
      <tstamp>61BF663F</tstamp>
    </comp>
    <comp ref="R12">
      <value>976 K</value>
      <footprint>Resistor_SMD:R_0603_1608Metric_Pad0.98x0.95mm_HandSolder</footprint>
      <datasheet>~</datasheet>
      <fields>
        <field name="Code_X3">A0018582</field>
      </fields>
      <libsource lib="dagostino_stop_BirdBuzzMouse-rescue" part="R-device" description=""/>
      <sheetpath names="/Variante_Stop_BBM_3PIC/" tstamps="/61A931B2/"/>
      <tstamp>61BF95B1</tstamp>
    </comp>
    <comp ref="R13">
      <value>137K (5V) | 221K (3.3V)</value>
      <footprint>Resistor_SMD:R_0603_1608Metric_Pad0.98x0.95mm_HandSolder</footprint>
      <datasheet>~</datasheet>
      <fields>
        <field name="Code_X3">A0020413 (Mouse) | A0018583 (bird)</field>
      </fields>
      <libsource lib="dagostino_stop_BirdBuzzMouse-rescue" part="R-device" description=""/>
      <sheetpath names="/Variante_Stop_BBM_3PIC/" tstamps="/61A931B2/"/>
      <tstamp>61BF95BB</tstamp>
    </comp>
    <comp ref="L2">
      <value>2.2uH</value>
      <footprint>Capacitor_SMD:C_1210_3225Metric</footprint>
      <datasheet>https://media.digikey.com/pdf/Data%20Sheets/Panasonic%20Inductors%20Coils%20Filters%20PDFs/ELJ-FA,FB,FC_Rev2010.pdf</datasheet>
      <fields>
        <field name="Code_X3">A0018584</field>
        <field name="Manufacturer">PANASONIC</field>
        <field name="Manufacturer PN">ELJFA4R7JF</field>
        <field name="digikey">https://www.digikey.com/en/products/detail/panasonic-electronic-components/ELJ-FA4R7JF/585425</field>
      </fields>
      <libsource lib="dagostino_stop_BirdBuzzMouse-rescue" part="L-device" description=""/>
      <sheetpath names="/Variante_Stop_BBM_3PIC/" tstamps="/61A931B2/"/>
      <tstamp>61BFF229</tstamp>
    </comp>
    <comp ref="C9">
      <value>47uF</value>
      <footprint>Capacitor_SMD:C_1206_3216Metric_Pad1.42x1.75mm_HandSolder</footprint>
      <datasheet>https://product.tdk.com/en/system/files?file=dam/doc/product/capacitor/ceramic/mlcc/catalog/mlcc_commercial_general_en.pdf</datasheet>
      <fields>
        <field name="Code_X3">A0004022</field>
        <field name="Manufacturer">TDK</field>
        <field name="Manufacturer PN">C1608X5R1H104K080AA</field>
      </fields>
      <libsource lib="dagostino_stop_BirdBuzzMouse-rescue" part="C-device" description=""/>
      <sheetpath names="/Variante_Stop_BBM_3PIC/" tstamps="/61A931B2/"/>
      <tstamp>61C012EA</tstamp>
    </comp>
    <comp ref="C7">
      <value>10uF</value>
      <footprint>Capacitor_SMD:C_0805_2012Metric_Pad1.18x1.45mm_HandSolder</footprint>
      <datasheet>https://product.tdk.com/en/system/files?file=dam/doc/product/capacitor/ceramic/mlcc/catalog/mlcc_commercial_general_en.pdf</datasheet>
      <fields>
        <field name="Code_X3">A0004022</field>
        <field name="Manufacturer">TDK</field>
        <field name="Manufacturer PN">C1608X5R1H104K080AA</field>
      </fields>
      <libsource lib="dagostino_stop_BirdBuzzMouse-rescue" part="C-device" description=""/>
      <sheetpath names="/Variante_Stop_BBM_3PIC/" tstamps="/61A931B2/"/>
      <tstamp>61BF3C08</tstamp>
    </comp>
  </components>
  <libparts>
    <libpart lib="Device" part="D_Schottky">
      <description>Schottky diode</description>
      <docs>~</docs>
      <footprints>
        <fp>TO-???*</fp>
        <fp>*_Diode_*</fp>
        <fp>*SingleDiode*</fp>
        <fp>D_*</fp>
      </footprints>
      <fields>
        <field name="Reference">D</field>
        <field name="Value">D_Schottky</field>
      </fields>
      <pins>
        <pin num="1" name="K" type="passive"/>
        <pin num="2" name="A" type="passive"/>
      </pins>
    </libpart>
    <libpart lib="Mechanical" part="MountingHole">
      <description>Mounting Hole without connection</description>
      <docs>~</docs>
      <footprints>
        <fp>MountingHole*</fp>
      </footprints>
      <fields>
        <field name="Reference">H</field>
        <field name="Value">MountingHole</field>
      </fields>
    </libpart>
    <libpart lib="STP_BBM_E0C1R0-rescue" part="MCP1623-devBE_Library">
      <footprints>
        <fp>SOT?23*</fp>
      </footprints>
      <fields>
        <field name="Reference">U</field>
        <field name="Value">MCP1623-devBE_Library</field>
        <field name="Footprint">Package_TO_SOT_SMD:SOT-23-6</field>
      </fields>
      <pins>
        <pin num="1" name="SW" type="input"/>
        <pin num="2" name="GND" type="power_in"/>
        <pin num="3" name="EN" type="input"/>
        <pin num="4" name="VFB" type="input"/>
        <pin num="5" name="VOUT" type="power_out"/>
        <pin num="6" name="VIN" type="power_in"/>
      </pins>
    </libpart>
    <libpart lib="Stop_BBM_3PIC" part="PAM2401SCADJ">
      <footprints>
        <fp>MSOP8_DIO</fp>
      </footprints>
      <fields>
        <field name="Reference">U</field>
        <field name="Value">PAM2401SCADJ</field>
        <field name="Footprint">MSOP8_DIO</field>
      </fields>
      <pins>
        <pin num="1" name="LX" type="BiDi"/>
        <pin num="2" name="EN" type="input"/>
        <pin num="3" name="VIN" type="input"/>
        <pin num="4" name="AGND" type="power_in"/>
        <pin num="5" name="FB" type="BiDi"/>
        <pin num="6" name="RSET" type="BiDi"/>
        <pin num="7" name="OUT" type="output"/>
        <pin num="8" name="PGND" type="power_in"/>
      </pins>
    </libpart>
    <libpart lib="Stop_BBM_3PIC" part="PIC10F200T-I_OT">
      <footprints>
        <fp>SOT-23-6_MC_MCH</fp>
        <fp>SOT-23-6_MC_MCH-M</fp>
        <fp>SOT-23-6_MC_MCH-L</fp>
      </footprints>
      <fields>
        <field name="Reference">U</field>
        <field name="Value">PIC10F200T-I_OT</field>
        <field name="Footprint">SOT-23-6_MC_MCH</field>
      </fields>
      <pins>
        <pin num="1" name="GP0/ICSPDAT" type="BiDi"/>
        <pin num="2" name="VSS" type="power_in"/>
        <pin num="3" name="GP1/ICSPCLK" type="BiDi"/>
        <pin num="4" name="GP2/T0CKI/FOSC4" type="BiDi"/>
        <pin num="5" name="VDD" type="power_in"/>
        <pin num="6" name="GP3/*MCLR/VPP" type="BiDi"/>
      </pins>
    </libpart>
    <libpart lib="Stop_BBM_3PIC" part="PIC12F1571-I_SN">
      <footprints>
        <fp>SOIC8-N_MC_MCH</fp>
        <fp>SOIC8-N_MC_MCH-M</fp>
        <fp>SOIC8-N_MC_MCH-L</fp>
      </footprints>
      <fields>
        <field name="Reference">U</field>
        <field name="Value">PIC12F1571-I_SN</field>
        <field name="Footprint">SOIC8-N_MC_MCH</field>
      </fields>
      <pins>
        <pin num="1" name="VDD" type="power_in"/>
        <pin num="2" name="RA5" type="BiDi"/>
        <pin num="3" name="RA4" type="BiDi"/>
        <pin num="4" name="RA3/*MCLR/VPP" type="BiDi"/>
        <pin num="5" name="RA2" type="BiDi"/>
        <pin num="6" name="RA1/ICSPCLK" type="BiDi"/>
        <pin num="7" name="RA0/ICSPDAT" type="BiDi"/>
        <pin num="8" name="VSS" type="power_in"/>
      </pins>
    </libpart>
    <libpart lib="dagostino_stop_BirdBuzzMouse-rescue" part="Battery_Cell-device">
      <fields>
        <field name="Reference">BT</field>
        <field name="Value">Battery_Cell-device</field>
      </fields>
      <pins>
        <pin num="1" name="+" type="passive"/>
        <pin num="2" name="-" type="passive"/>
      </pins>
    </libpart>
    <libpart lib="dagostino_stop_BirdBuzzMouse-rescue" part="Buzzer-device">
      <footprints>
        <fp>*Buzzer*</fp>
      </footprints>
      <fields>
        <field name="Reference">BZ</field>
        <field name="Value">Buzzer-device</field>
      </fields>
      <pins>
        <pin num="1" name="-" type="passive"/>
        <pin num="2" name="+" type="passive"/>
      </pins>
    </libpart>
    <libpart lib="dagostino_stop_BirdBuzzMouse-rescue" part="C-device">
      <footprints>
        <fp>C_*</fp>
      </footprints>
      <fields>
        <field name="Reference">C</field>
        <field name="Value">C-device</field>
      </fields>
      <pins>
        <pin num="1" name="~" type="passive"/>
        <pin num="2" name="~" type="passive"/>
      </pins>
    </libpart>
    <libpart lib="dagostino_stop_BirdBuzzMouse-rescue" part="Conn_01x02_Male-connecteur">
      <footprints>
        <fp>Connector*:*_1x??_*</fp>
      </footprints>
      <fields>
        <field name="Reference">J</field>
        <field name="Value">Conn_01x02_Male-connecteur</field>
      </fields>
      <pins>
        <pin num="1" name="Pin_1" type="passive"/>
        <pin num="2" name="Pin_2" type="passive"/>
      </pins>
    </libpart>
    <libpart lib="dagostino_stop_BirdBuzzMouse-rescue" part="Conn_01x05-kicad">
      <footprints>
        <fp>Connector*:*_1x??_*</fp>
      </footprints>
      <fields>
        <field name="Reference">J</field>
        <field name="Value">Conn_01x05-kicad</field>
      </fields>
      <pins>
        <pin num="1" name="Pin_1" type="passive"/>
        <pin num="2" name="Pin_2" type="passive"/>
        <pin num="3" name="Pin_3" type="passive"/>
        <pin num="4" name="Pin_4" type="passive"/>
        <pin num="5" name="Pin_5" type="passive"/>
      </pins>
    </libpart>
    <libpart lib="dagostino_stop_BirdBuzzMouse-rescue" part="Jumper_NO_Small-device">
      <footprints>
        <fp>SolderJumper*Open*</fp>
        <fp>Jumper*</fp>
        <fp>TestPoint*2Pads*</fp>
        <fp>TestPoint*Bridge*</fp>
      </footprints>
      <fields>
        <field name="Reference">JP</field>
        <field name="Value">Jumper_NO_Small-device</field>
      </fields>
      <pins>
        <pin num="1" name="1" type="passive"/>
        <pin num="2" name="2" type="passive"/>
      </pins>
    </libpart>
    <libpart lib="dagostino_stop_BirdBuzzMouse-rescue" part="L-device">
      <footprints>
        <fp>Choke_*</fp>
        <fp>*Coil*</fp>
        <fp>Inductor_*</fp>
        <fp>L_*</fp>
      </footprints>
      <fields>
        <field name="Reference">L</field>
        <field name="Value">L-device</field>
      </fields>
      <pins>
        <pin num="1" name="1" type="passive"/>
        <pin num="2" name="2" type="passive"/>
      </pins>
    </libpart>
    <libpart lib="dagostino_stop_BirdBuzzMouse-rescue" part="LED-device">
      <footprints>
        <fp>LED*</fp>
        <fp>LED_SMD:*</fp>
        <fp>LED_THT:*</fp>
      </footprints>
      <fields>
        <field name="Reference">D</field>
        <field name="Value">LED-device</field>
      </fields>
      <pins>
        <pin num="1" name="K" type="passive"/>
        <pin num="2" name="A" type="passive"/>
      </pins>
    </libpart>
    <libpart lib="dagostino_stop_BirdBuzzMouse-rescue" part="PIC16F15323-I_ST_TSSOP14-devBE_Library">
      <footprints>
        <fp>QFN*</fp>
      </footprints>
      <fields>
        <field name="Reference">U</field>
        <field name="Value">PIC16F15323-I_ST_TSSOP14-devBE_Library</field>
      </fields>
      <pins>
        <pin num="1" name="VDD" type="power_in"/>
        <pin num="2" name="RA5/T1CKI/OSC1/CLKIN" type="BiDi"/>
        <pin num="3" name="RA4/AN3/~T1G~/OSC2/CLKOUT" type="BiDi"/>
        <pin num="4" name="RA3/~MCLR~/Vpp" type="input"/>
        <pin num="5" name="P1A/CCP1/RC5" type="BiDi"/>
        <pin num="6" name="P1B/C2OUT/RC4" type="BiDi"/>
        <pin num="7" name="P1C/C12IN3-/AN7/RC3" type="BiDi"/>
        <pin num="8" name="P1D/C12IN2-/AN6/RC2" type="BiDi"/>
        <pin num="9" name="C12IN1-/AN5/RC1" type="BiDi"/>
        <pin num="10" name="C2IN+/AN4/RC0" type="BiDi"/>
        <pin num="11" name="RA2/AN2/T0CKI/INT/C1OUT" type="BiDi"/>
        <pin num="12" name="RA1/AN1/C12IN0-/Vref/ICSPCLK" type="BiDi"/>
        <pin num="13" name="RA0/AN0/C1IN+/ICSPDAT" type="BiDi"/>
        <pin num="14" name="VSS" type="power_in"/>
      </pins>
    </libpart>
    <libpart lib="dagostino_stop_BirdBuzzMouse-rescue" part="Q_Photo_NPN-device">
      <fields>
        <field name="Reference">Q</field>
        <field name="Value">Q_Photo_NPN-device</field>
      </fields>
      <pins>
        <pin num="1" name="C" type="passive"/>
        <pin num="2" name="E" type="passive"/>
      </pins>
    </libpart>
    <libpart lib="dagostino_stop_BirdBuzzMouse-rescue" part="R-device">
      <footprints>
        <fp>R_*</fp>
      </footprints>
      <fields>
        <field name="Reference">R</field>
        <field name="Value">R-device</field>
      </fields>
      <pins>
        <pin num="1" name="~" type="passive"/>
        <pin num="2" name="~" type="passive"/>
      </pins>
    </libpart>
    <libpart lib="dagostino_stop_BirdBuzzMouse-rescue" part="SW_Push-switch">
      <fields>
        <field name="Reference">SW</field>
        <field name="Value">SW_Push-switch</field>
      </fields>
      <pins>
        <pin num="1" name="1" type="passive"/>
        <pin num="2" name="2" type="passive"/>
      </pins>
    </libpart>
    <libpart lib="dagostino_stop_BirdBuzzMouse-rescue" part="TestPoint-connecteur">
      <footprints>
        <fp>Pin*</fp>
        <fp>Test*</fp>
      </footprints>
      <fields>
        <field name="Reference">TP</field>
        <field name="Value">TestPoint-connecteur</field>
      </fields>
      <pins>
        <pin num="1" name="1" type="passive"/>
      </pins>
    </libpart>
  </libparts>
  <libraries>
    <library logical="Device">
      <uri>C:\Program Files\KiCad\share\kicad\library/Device.lib</uri>
    </library>
    <library logical="Mechanical">
      <uri>C:\Program Files\KiCad\share\kicad\library/Mechanical.lib</uri>
    </library>
    <library logical="STP_BBM_E0C1R0-rescue">
      <uri>C:\Users\b.giraud-missier.WKS-TH-BE-03\Documents\Git\Stop_BBM_3PIC Project\STOP_BBM_3PIC\PCB_Stop_BBM_3PIC/STP_BBM_E0C1R0-rescue.lib</uri>
    </library>
    <library logical="Stop_BBM_3PIC">
      <uri>C:\Users\b.giraud-missier.WKS-TH-BE-03\Documents\Git\Stop_BBM_3PIC Project\STOP_BBM_3PIC\PCB_Stop_BBM_3PIC/Librairie Stop_BBM_3PIC/Stop_BBM_3PIC_LIB/Stop_BBM_3Footprint.lib</uri>
    </library>
    <library logical="dagostino_stop_BirdBuzzMouse-rescue">
      <uri>C:\Users\b.giraud-missier.WKS-TH-BE-03\Documents\Git\Stop_BBM_3PIC Project\STOP_BBM_3PIC\PCB_Stop_BBM_3PIC/dagostino_stop_BirdBuzzMouse-rescue.lib</uri>
    </library>
  </libraries>
  <nets>
    <net code="1" name="+3V3_5V">
      <node ref="R6" pin="1"/>
      <node ref="C4" pin="1"/>
      <node ref="C3" pin="2"/>
      <node ref="C5" pin="1"/>
      <node ref="C6" pin="2"/>
      <node ref="TP_alim1" pin="1"/>
      <node ref="C8" pin="1"/>
      <node ref="R12" pin="1"/>
      <node ref="C9" pin="1"/>
      <node ref="R3" pin="1"/>
      <node ref="REGU2" pin="7"/>
      <node ref="MCU1" pin="1"/>
      <node ref="REGU1" pin="5"/>
      <node ref="R4" pin="1"/>
      <node ref="C2" pin="1"/>
      <node ref="MCU3" pin="1"/>
      <node ref="J3" pin="2"/>
      <node ref="MCU2" pin="5"/>
    </net>
    <net code="2" name="ICSPCLK">
      <node ref="J3" pin="5"/>
      <node ref="R2" pin="2"/>
      <node ref="REGU2" pin="2"/>
      <node ref="R1" pin="1"/>
      <node ref="MCU1" pin="12"/>
      <node ref="REGU1" pin="3"/>
      <node ref="MCU2" pin="3"/>
      <node ref="MCU3" pin="6"/>
    </net>
    <net code="3" name="GND">
      <node ref="R8" pin="1"/>
      <node ref="C2" pin="2"/>
      <node ref="MCU1" pin="14"/>
      <node ref="C3" pin="1"/>
      <node ref="C4" pin="2"/>
      <node ref="R7" pin="1"/>
      <node ref="JP1" pin="2"/>
      <node ref="Q1" pin="2"/>
      <node ref="C5" pin="2"/>
      <node ref="C6" pin="1"/>
      <node ref="MCU2" pin="2"/>
      <node ref="MCU3" pin="8"/>
      <node ref="R10" pin="1"/>
      <node ref="C8" pin="2"/>
      <node ref="R13" pin="2"/>
      <node ref="C9" pin="2"/>
      <node ref="R11" pin="2"/>
      <node ref="REGU2" pin="4"/>
      <node ref="REGU2" pin="8"/>
      <node ref="C7" pin="2"/>
      <node ref="C1" pin="2"/>
      <node ref="BT1" pin="2"/>
      <node ref="REGU1" pin="2"/>
      <node ref="R5" pin="2"/>
      <node ref="C10" pin="2"/>
      <node ref="J3" pin="3"/>
      <node ref="R1" pin="2"/>
    </net>
    <net code="4" name="MCLR">
      <node ref="MCU1" pin="4"/>
      <node ref="J3" pin="1"/>
      <node ref="MCU3" pin="4"/>
      <node ref="MCU2" pin="6"/>
      <node ref="R14" pin="1"/>
      <node ref="D1" pin="1"/>
    </net>
    <net code="5" name="ISCPDAT">
      <node ref="J3" pin="4"/>
      <node ref="MCU1" pin="13"/>
    </net>
    <net code="6" name="Power_photodiode">
      <node ref="R9" pin="1"/>
      <node ref="MCU1" pin="6"/>
    </net>
    <net code="7" name="Net-(LED1-Pad2)">
      <node ref="LED1" pin="2"/>
      <node ref="R6" pin="2"/>
    </net>
    <net code="8" name="LED_K">
      <node ref="LED1" pin="1"/>
      <node ref="MCU3" pin="5"/>
      <node ref="MCU1" pin="11"/>
    </net>
    <net code="9" name="/Light">
      <node ref="TP_light1" pin="1"/>
      <node ref="Q1" pin="1"/>
      <node ref="MCU1" pin="10"/>
      <node ref="R9" pin="2"/>
    </net>
    <net code="10" name="Net-(BT1-Pad1)">
      <node ref="BT1" pin="1"/>
      <node ref="BT2" pin="2"/>
      <node ref="JP1" pin="1"/>
    </net>
    <net code="11" name="BUZZ-">
      <node ref="BZ1" pin="2"/>
      <node ref="J1" pin="1"/>
      <node ref="MCU2" pin="4"/>
      <node ref="MCU3" pin="3"/>
      <node ref="MCU1" pin="3"/>
    </net>
    <net code="12" name="Net-(L1-Pad2)">
      <node ref="REGU1" pin="1"/>
      <node ref="L1" pin="2"/>
    </net>
    <net code="13" name="Net-(C10-Pad1)">
      <node ref="R14" pin="2"/>
      <node ref="D1" pin="2"/>
      <node ref="R3" pin="2"/>
      <node ref="C10" pin="1"/>
    </net>
    <net code="14" name="Vbatt">
      <node ref="L1" pin="1"/>
      <node ref="REGU1" pin="6"/>
      <node ref="C1" pin="1"/>
      <node ref="REGU2" pin="3"/>
      <node ref="L2" pin="1"/>
      <node ref="SW1" pin="1"/>
      <node ref="BT2" pin="1"/>
      <node ref="TP_bat1" pin="1"/>
      <node ref="C7" pin="1"/>
    </net>
    <net code="15" name="Net-(MCU1-Pad5)">
      <node ref="MCU1" pin="5"/>
    </net>
    <net code="16" name="Net-(R4-Pad2)">
      <node ref="R5" pin="1"/>
      <node ref="R4" pin="2"/>
      <node ref="REGU1" pin="4"/>
    </net>
    <net code="17" name="Net-(R2-Pad1)">
      <node ref="R2" pin="1"/>
      <node ref="SW1" pin="2"/>
    </net>
    <net code="18" name="/chx3">
      <node ref="R10" pin="2"/>
      <node ref="MCU1" pin="7"/>
    </net>
    <net code="19" name="/chx2">
      <node ref="MCU1" pin="8"/>
      <node ref="R8" pin="2"/>
    </net>
    <net code="20" name="/chx1">
      <node ref="MCU1" pin="9"/>
      <node ref="R7" pin="2"/>
    </net>
    <net code="21" name="LX">
      <node ref="REGU2" pin="1"/>
      <node ref="L2" pin="2"/>
    </net>
    <net code="22" name="FB">
      <node ref="R13" pin="1"/>
      <node ref="R12" pin="2"/>
      <node ref="REGU2" pin="5"/>
    </net>
    <net code="23" name="Net-(R11-Pad1)">
      <node ref="REGU2" pin="6"/>
      <node ref="R11" pin="1"/>
    </net>
    <net code="24" name="BUZZ+">
      <node ref="MCU2" pin="1"/>
      <node ref="J1" pin="2"/>
      <node ref="BZ1" pin="1"/>
      <node ref="MCU3" pin="2"/>
      <node ref="MCU1" pin="2"/>
      <node ref="MCU3" pin="7"/>
    </net>
  </nets>
</export>
